발표일,기업명,내용 (비우면 'N분기 실적 발표 예정'),"색상 (HEX, 선택)"
2026-09-30,현대건설,기업설명회 (IR) 개최,00A651
2026-10-22,SK바이오사이언스,,EA002C
2026-10-23,현대모비스,,002C5F
2026-10-27,SK하이닉스,,EA002C
2026-10-28,현대건설,,00A651
2026-10-30,SK아이이테크놀로지,,EA002C
2026-10-30,SK이노베이션,,EA002C
2026-11-03,주성엔지니어링,,0054A6
2026-11-05,대한항공,,0064D2
2026-11-05,한화,,F37321
2026-11-05,크래프톤,,7F7F7F
2026-11-10,엘앤에프,,0072BC
2026-11-10,롯데렌탈,,DA291C
2026-11-10,솔루엠,,1E4FA0
2026-11-12,아시아나항공,,C4161C
2026-11-12,알테오젠,,1D2088
2026-11-12,종근당,,E60012
2026-11-12,세아제강지주,,0068B7
2026-11-12,에이디테크놀로지,,00A0E9
2026-11-13,한국항공우주,,003DA5
2026-11-13,HLB제약,,E4007F
2026-11-13,뉴로메카,,00B4C5
2026-11-13,퓨처켐,,0091D0
2026-11-13,한국화장품제조,,009A44
2026-11-13,에스앤에스텍,,005BAC
2026-11-16,리노공업,,00479D
2026-11-16,LB세미콘,,F08300
2026-11-16,로보티즈,,6CBB3C
2026-11-16,티엘비,,0067B1
2026-11-16,HPSP,,1B3F8F
2026-11-16,코오롱티슈진,,2D3E92
2026-11-16,한라캐스트,,0072CE
2026-11-16,가온전선,,00489C
